Feature,Importance
living area,0.316304783216547
grade of the house,0.28866702465450694
Lattitude,0.1449576986896621
Longitude,0.058872952465584605
waterfront present,0.035727350667053404
living_area_renov,0.030545676523311277
Built Year,0.029891419654060194
Postal Code,0.0253217112959539
Area of the house(excluding basement),0.0240984907980797
number of views,0.01838109200360367
lot area,0.006164176017904081
number of bathrooms,0.003982763537497713
Area of the basement,0.003302061987640139
condition of the house,0.0031129057136248957
lot_area_renov,0.0023429810691967404
Renovation Year,0.0023337641543295278
number of bedrooms,0.002288758535568062
Date,0.0018199547133498292
number of floors,0.0014591795497151904
Distance from the airport,0.00035142082421267556
Number of schools nearby,7.383392859861977e-05
